parentID,firstName,lastName,email,zipcode
1,James,SMITH,comfortableDouglas5@blueyonder.co.uk,90001
2,Robert,JOHNSON,angryLori72@club-internet.fr,90002
3,John,WILLIAMS,nervousPatrick43@shaw.ca,90003
4,Michael,BROWN,wide-eyedBryan@libero.it,90004
5,David,JONES,Lauraspotless@yahoo.com.ar,90005
6,William,GARCIA,clumsyFelicia66@ymail.com,90006
7,Richard,MILLER,smilingRachael@tin.it,90007
8,Joseph,DAVIS,repulsiveSharon38@sympatico.ca,90008
9,Thomas,RODRIGUEZ,fineMayra@aliceadsl.fr,90009
10,Charles,MARTINEZ,Tylerlively@alice.it,90010
11,Christopher,HERNANDEZ,badSeth18@yandex.ru,90001
12,Daniel,LOPEZ,eagerEvan48@mail.com,90002
13,Matthew,GONZALEZ,gentleLatoya37@skynet.be,90003
14,Anthony,WILSON,niceCynthia@home.nl,90004
15,Mark,ANDERSON,tenseJamie75@centurytel.net,90005
16,Donald,THOMAS,Vincentdistinct@aol.com,90006
17,Steven,TAYLOR,eagerBruce41@zonnet.nl,90007
18,Paul,MOORE,Caseythoughtful@yahoo.com.ar,90008
19,Andrew,JACKSON,Blakecurious@telenet.be,90009
20,Joshua,MARTIN,anxiousEvelyn96@yahoo.com.mx,90010
21,Kenneth,LEE,smilingMallory77@rocketmail.com,90001
22,Kevin,PEREZ,itchyJason88@skynet.be,90002
23,Brian,THOMPSON,calmRebecca43@hotmail.com,90003
24,George,WHITE,Benjaminmysterious@hotmail.fr,90004
25,Timothy,HARRIS,elegantCassie@yahoo.com.ar,90005
26,Ronald,SANCHEZ,plainRoss67@planet.nl,90006
27,Edward,CLARK,eagerBenjamin47@rocketmail.com,90007
28,Jason,RAMIREZ,Brendagifted@arcor.de,90008
29,Jeffrey,LEWIS,Toddenergetic@yahoo.it,90009
30,Ryan,ROBINSON,comfortableChristina@free.fr,90010
31,Jacob,WALKER,helpfulJaime24@optusnet.com.au,90001
32,Gary,YOUNG,outrageousHolly31@shaw.ca,90002
33,Nicholas,ALLEN,crazyVirginia@hotmail.es,90003
34,Eric,KING,old-fashionedArthur@hotmail.it,90004
35,Jonathan,WRIGHT,Nathanlively@yahoo.de,90005
36,Stephen,SCOTT,cautiousDustin12@yahoo.co.in,90006
37,Larry,TORRES,upsetErin86@mac.com,90007
38,Justin,NGUYEN,adventurousMicheal60@tiscali.co.uk,90008
39,Scott,HILL,Benjamincombative@blueyonder.co.uk,90009
40,Brandon,FLORES,grotesqueCourtney58@rediffmail.com,90010
41,Benjamin,GREEN,shyMeagan@hotmail.de,90001
42,Samuel,ADAMS,Angelvictorious@earthlink.net,90002
43,Gregory,NELSON,lonelyErica12@neuf.fr,90003
44,Alexander,BAKER,cleverBrittany75@gmx.net,90004
45,Frank,HALL,charmingLinda49@live.co.uk,90005
46,Patrick,RIVERA,creepyMarvin50@live.com,90006
47,Raymond,CAMPBELL,healthyTrisha74@sky.com,90007
48,Jack,MITCHELL,smoggyKarl@rocketmail.com,90008
49,Dennis,CARTER,Evelynfrail@uol.com.br,90009
50,Jerry,ROBERTS,Kaitlincareful@yahoo.com.br,90010
51,Tyler,GOMEZ,old-fashionedJason31@yandex.ru,90001
52,Aaron,PHILLIPS,Devonvast@yahoo.fr,90002
53,Jose,EVANS,Cassiedisgusted@yandex.ru,90003
54,Adam,TURNER,tenseAdam@yahoo.co.in,90004
55,Nathan,DIAZ,Joelgrotesque@facebook.com,90005
56,Henry,PARKER,Mallorytalented@wanadoo.fr,90006
57,Douglas,CRUZ,depressedKellie2@free.fr,90007
58,Zachary,EDWARDS,thoughtlessEmily@live.ca,90008
59,Peter,COLLINS,elatedDerek@free.fr,90009
60,Kyle,REYES,concernedRaymond20@yandex.ru,90010
61,Ethan,STEWART,Marcobnoxious@uol.com.br,90001
62,Walter,MORRIS,Shawncooperative@freenet.de,90002
63,Noah,MORALES,Kellielight@aliceadsl.fr,90003
64,Jeremy,MURPHY,foolishCaleb75@hotmail.de,90004
65,Christian,COOK,horribleMindy@gmx.de,90005
66,Keith,ROGERS,Sergiorepulsive@arcor.de,90006
67,Roger,GUTIERREZ,Jilliangentle@virgilio.it,90007
68,Terry,ORTIZ,drabTasha@shaw.ca,90008
69,Gerald,MORGAN,breakableVeronica75@ntlworld.com,90009
70,Harold,COOPER,Oliviafrail@ymail.com,90010
71,Sean,PETERSON,doubtfulKaitlin@yahoo.es,90001
72,Austin,BAILEY,wrongBryce58@yahoo.ca,90002
73,Carl,REED,Toniold-fashioned@sky.com,90003
74,Arthur,KELLY,Carolinegleaming@yahoo.fr,90004
75,Lawrence,HOWARD,colorfulKeri@yahoo.com,90005
76,Dylan,RAMOS,gloriousHenry46@hotmail.es,90006
77,Jesse,KIM,elegantYolanda77@qq.com,90007
78,Jordan,COX,blushingCasey58@uol.com.br,90008
79,Bryan,WARD,gracefulMitchell98@yahoo.com.sg,90009
80,Billy,RICHARDSON,innocentToni38@voila.fr,90010
81,Joe,WATSON,wide-eyedJonathan@ntlworld.com,90001
82,Bruce,BROOKS,toughCara16@hotmail.it,90002
83,Gabriel,CHAVEZ,disgustedMatthew33@yahoo.com.mx,90003
84,Logan,WOOD,outrageousSergio87@uol.com.br,90004
85,Albert,JAMES,hungryKendra@juno.com,90005
86,Willie,BENNETT,old-fashionedTerry@tiscali.co.uk,90006
87,Alan,GRAY,Dylanlovely@yahoo.com.br,90007
88,Juan,MENDOZA,determinedAngelica@neuf.fr,90008
89,Wayne,RUIZ,niceSierra@zonnet.nl,90009
90,Elijah,HUGHES,disturbedMarc41@live.co.uk,90010
91,Randy,PRICE,enviousSara@rocketmail.com,90001
92,Roy,ALVAREZ,Colinhorrible@optonline.net,90002
93,Vincent,CASTILLO,Brittanyclumsy@comcast.net,90003
94,Ralph,SANDERS,happyMario99@arcor.de,90004
95,Eugene,PATEL,Marioenergetic@alice.it,90005
96,Russell,MYERS,Crystalfaithful@ntlworld.com,90006
97,Bobby,LONG,cheerfulSheena25@tiscali.it,90007
98,Mason,ROSS,Ashleighweary@hotmail.com,90008
99,Philip,FOSTER,enviousAdrienne22@optusnet.com.au,90009
100,Lori,HAWKINS,blushingDouglas38@yahoo.ca,90010